Dataset,Model,Accuracy,Precision,Recall,F1-Score
Dataset 1: Linearly Separable,Logistic Regression,0.9833333333333333,0.967741935483871,1.0,0.9836065573770492
Dataset 1: Linearly Separable,Decision Tree,0.9916666666666667,0.9836065573770492,1.0,0.9917355371900827
Dataset 2: Two Moons (Non-linear),Logistic Regression,0.9,0.9102564102564102,0.8875,0.8987341772151899
Dataset 2: Two Moons (Non-linear),Decision Tree,0.99375,0.9876543209876543,1.0,0.9937888198757764
Dataset 3: Noise and Outliers,Logistic Regression,0.8857142857142857,0.8292682926829268,0.9714285714285714,0.8947368421052632
Dataset 3: Noise and Outliers,Decision Tree,0.8928571428571429,0.8767123287671232,0.9142857142857143,0.8951048951048951
Dataset 4: Strong Class Overlap,Logistic Regression,0.6833333333333333,0.6774193548387096,0.7,0.6885245901639344
Dataset 4: Strong Class Overlap,Decision Tree,0.7444444444444445,0.782051282051282,0.6777777777777778,0.7261904761904762
Dataset 5: Categorical Features,Logistic Regression,0.925,0.935064935064935,0.9113924050632911,0.9230769230769231
Dataset 5: Categorical Features,Decision Tree,0.90625,0.9444444444444444,0.8607594936708861,0.9006622516556292
